"City","Practice_Name","City.Rank","Compliance","Star_Rating","Numerator","Denominator","Needed4","Needed5","Med_Household","Address"
"Aliquippa","RANDY R SHEMER DO",1,1,5,4,4,NA,NA,49623.6499,"2424 Mill Street"
"Aliquippa","HVMG JAMES TATUM",2,0.5,3,2,4,NA,NA,49623.6499,"2299 Brodhead Rd"
"Aliquippa","HVMG FAMILY PRACTICE ASSOC HOPEWELL",3,0.25,1,1,4,NA,NA,49623.6499,"99 Buss Rd"
"Aliquippa","HVMG INTERNAL MEDICINE SPECIALISTS",4,0.2,1,1,5,NA,NA,49623.6499,"3113 Green Garden Rd"
"Aliquippa","PERSONAL CARE MEDICAL ASSOCIATES LLC",5,0.125,1,1,8,NA,NA,49623.6499,"2349 Mill Street"
"Altoona","UPMC ALTOONA REGIONAL HEALTH SERVICES INC",1,0.529,3,9,17,2,5,40860.9792,"1414 Ninth Avenue"
"Altoona","REINHARDT FAMILY PRACTICE",2,0.4,2,2,5,NA,NA,40571.0686,"1701 12th Avenue"
"Ambridge","HVMG INTERNAL MEDICINE ASSOCIATES",1,0.4,2,4,10,2,4,39157.7213,"1155 Merchant Street"
"Beaver","HVMG VALLEY INTERNAL MEDICINE",2,0.667,4,8,12,0,2,54197.327,"500 Sharon Road"
"Beaver","HVMG BEAVER INTERNAL MEDICINE BEAVER",3,0.125,1,1,8,NA,NA,54197.327,"1000 Dutch Ridge Rd."
"Beaver","HVMG ASSOCIATES OF INTERNAL MEDICINE",1,0.714,4,5,7,NA,NA,54197.327,"1211 Third Street"
"Beaver Falls","HVMG BEAVER INTERNAL MEDICINE BEAVER FALLS",1,0.8,5,4,5,NA,NA,44790.9274,"1307 Sixth Avenue"
"Beaver Falls","HVMG TRINITY",2,0.636,4,7,11,0,2,44790.9274,"2580 Constitution Boulevard"
"Belle Vernon","PRIME MEDICAL GROUP PCG1-CHAUHAN ASSOCS",2,0.571,3,4,7,NA,NA,34703.0682,"1533 Broad Avenue"
"Belle Vernon","MON VALE PRIMARY CARE PRACTICES INC",1,0.8,5,4,5,NA,NA,34703.0682,"800 Plaza Drive"
"Bellefonte","BELLEFONTE MEDICAL CLINIC PC",1,0.6,4,3,5,NA,NA,45299.856,"527 Willowbank Street"
"Bellevue","HUSSAINI MEDICAL ASSOCIATES",1,0.75,4,3,4,NA,NA,45961.4011,"340 Lincoln Avenue"
"Bentleyville","SOUTHWEST MEDICAL CENTER",1,0.667,4,2,3,NA,NA,37552.2931,"119 Wilson Road"
"Bethel Park","SOUTH HILLS FAMILY MEDICINE LLC",1,0.923,5,12,13,0,0,64384.8337,"1000 Higbee Drive"
"Bethel Park","MT LEBANON INTERNAL MEDICINE DIVISION",2,0.417,2,5,12,3,5,64384.8337,"2000 Oxford Drive"
"Bethlehem","LVPG INTERNAL MEDICINE MUHLENBERG",1,0.75,4,3,4,NA,NA,64939.0495,"2649 Schoenersville Road"
"Bethlehem","MILLER HEIGHTS MEDICAL ASSOCIATES",2,0.333,2,1,3,NA,NA,74018.1998,"3833 Linden Street"
"Blairsville","LAH BLAIRSVILLE FAMILY MEDICINE",1,0.4,2,2,5,NA,NA,41477.3677,"56 Club Lane"
"Blairsville","KLAIN, MATTHEW N MD PC",2,0.25,1,2,8,NA,NA,41477.3677,"25 Colony Boulevard"
"Brentwood","LINDENBAUM PERRYMAN AND ASSOCS UPMC",1,0.333,2,1,3,NA,NA,48093.906,"3000 Brownsville Road"
"Bridgeville","BEEREL MEDICAL LLC",1,0.667,4,2,3,NA,NA,55631.7796,"1370 Washington Pike"
"Bridgeville","PPCP CHARTIERS VALLEY",2,0.5,3,5,10,1,3,55631.7796,"1168 Washington Pike"
"Burgettstown","CORNERSTONE CARE COMMUNITY MEDICAL DENTAL PLAZA",1,0.2,1,1,5,NA,NA,49782.601,"1227 Smith Township State Road"
"Butler","BUTLER MEDICAL ASSOCIATES",3,0.6,4,3,5,NA,NA,41653.157,"1022B North Main Street"
"Butler","PRASAD, MAHADEVAPPA M, MD",4,0.5,3,2,4,NA,NA,41653.157,"1651 North Main Street Ext"
"Butler","PRIMARY CARE ASSOCIATES OF BUTLER",1,0.917,5,11,12,0,0,41653.157,"480 East Jefferson Street"
"Butler","WAHL FAMILY PRACTICE PC",2,0.667,4,2,3,NA,NA,41653.157,"109 Technology Drive"
"Camp Hill","SUSQUEHANNA INT MEDICINE ASSOC",1,0.25,1,1,4,NA,NA,55466.5249,"890 Poplar Church Road"
"Carlisle","MASLAND ASSOCIATES INC",1,1,5,3,3,NA,NA,54127.8466,"220 Wilson Street"
"Carnegie","PPCP CIVITARESE SPECA BOVALINO",1,0.4,2,2,5,NA,NA,48659.4928,"2375 Greentree Road"
"Chambersburg","SUMMIT PRIMARY CARE",1,0.333,2,1,3,NA,NA,41306.941,"144 South 8th Street"
"Charleroi","DERIENZO FAMILY PRACTICE",1,0.6,4,3,5,NA,NA,34738.4174,"17 Arentzen Boulevard"
"Clairton","JEFFERSON ASSOCIATES  IN IM",1,0.25,1,1,4,NA,NA,49377.46,"575 Coal Valley Road"
"Claysville","CLAYSVILLE FAMILY PRACTICE",1,0.5,3,2,4,NA,NA,48649.868,"1263 Route 40 West"
"Clymer","DROZDIAK, RUSSELL A",1,1,5,3,3,NA,NA,46539.0923,"349 Franklin Street"
"Connellsville","HIGHLANDS HOSPITAL PHYSICIANS",1,0,1,0,3,NA,NA,35335.2888,"814 Vanderbilt Road"
"Cowansville","CLIFFORD VOGAN MD PC",1,0,1,0,3,NA,NA,41258.1476,"882 East Brady Road"
"Cresson","UPMC MAINLINE MEDICAL ASSOCIATES",2,0.556,3,5,9,NA,NA,38782.2368,"792 Gallitzin Road"
"Cresson","CONEMAUGH PHYSICIAN GROUP CRESSON",1,0.75,4,3,4,NA,NA,38782.2368,"815 Second Street"
"Dallas","DALLAS FAMILY PRACTICE LLC",1,0,1,0,4,NA,NA,55570.2712,"16 Church Street"
"Du Bois","PENN HIGHLANDS INTERNAL MEDICINE GRAECA AND KRUK",2,0.333,2,1,3,NA,NA,42816.3343,"145 Hospital Avenue"
"Du Bois","CLEARFIELD JEFFERSON PRIMARY CARE ASSOC PC",1,0.667,4,2,3,NA,NA,42816.3343,"33 Beaver Drive"
"Dunmore","PRIME MED GEISINGER DUNMORE",1,0.333,2,1,3,NA,NA,32969.9405,"1140 Quincy Ave"
"East Stroudsburg","FAMILY CARE CENTERS INC",1,0.25,1,1,4,NA,NA,53097.2989,"206 East Brown Street"
"Ebensburg","DR MOLLY B TROSTLE DO INTERNAL MEDICINE INC",1,0.5,3,2,4,NA,NA,45843.9089,"881 Hills Plaza Drive"
"Edinboro","EDINBORO MEDICAL CENTER",1,0.333,2,1,3,NA,NA,49852.2454,"450 Erie Street"
"Elizabeth","WEIGLES HILL FAMILY MEDICINE",1,0.25,1,1,4,NA,NA,50931.1452,"1001 Weigles Hill Road"
"Elizabethtown","LGHP PENN MEDICINE FAMILY MEDICINE NORLANCO",1,0.25,1,1,4,NA,NA,57048.2071,"418 Cloverleaf Road"
"Ellwood City","AHN ELLWOOD CITY PRIMARY CARE",1,0.4,2,2,5,NA,NA,42950.2271,"1673 Route 65"
"Erie","DUGAN, ROBERT B, DO",2,0.667,4,2,3,NA,NA,42138.7429,"926 W 38th St"
"Erie","ESPER, GARY F., DO",7,0,1,0,3,NA,NA,42138.7429,"4002 Schaper Avenue"
"Erie","MCCLELLAND FAMILY PRACTICE",1,1,5,4,4,NA,NA,47379.2358,"2240 East 38th Street"
"Erie","SAINT VINCENT FAMILY MEDICINE CENTER",2,0.667,4,2,3,NA,NA,27551.5259,"311 West 24th Street"
"Erie","GRANDVIEW FAMILY PRACTICE",7,0,1,0,3,NA,NA,41845.1397,"4500 Pine Avenue"
"Erie","MILLCREEK FAMILY PRACTICE AND INTERNAL MEDICINE",7,0,1,0,3,NA,NA,51738.0732,"2501 West 12th Street"
"Erie","PINECREST FAMILY PRACTICE UPMC",2,0.667,4,2,3,NA,NA,41845.1397,"3535 Pine Avenue"
"Erie","PRIMARY CARE WEST UPMC",5,0.333,2,1,3,NA,NA,51738.0732,"1101 Peninsula Drive"
"Erie","AHN HEALTH AND WELLNESS PAVILION",5,0.333,2,2,6,NA,NA,61240.2787,"4247 West Ridge Road"
"Fishertown","CHESTNUT RIDGE FAMILY MEDICINE UPMC",1,0.5,3,2,4,NA,NA,43866,"2040 Quaker Valley Road"
"Fogelsville","LVPG INTERNAL MEDICINE FOGELSVILLE",1,0,1,0,3,NA,NA,73344.6505,"1431 Nursery Street"
"Ford City","GELACEK, PHILIP A MD PC",1,0.667,4,2,3,NA,NA,36712.0654,"313 Ford Street"
"Fredericktown","CENTERVILLE CLINICS INC",1,0.3,2,3,10,3,5,49369.4259,"1070 Old National Pike Road"
"Gettysburg","GETTYSBURG FAMILY  PRACTICE INC",1,0.333,2,1,3,NA,NA,52663.1452,"524 South Washington Street"
"Gibsonia","HEALTH QUEST MED ASSOC LLC",1,0.857,5,6,7,NA,NA,84956.979,"5318 Ranalli Drive"
"Girard","ELK VALLEY MEDICAL CENTER",1,0.667,4,4,6,NA,NA,48202.7414,"5165 Imperial Parkway"
"Greensburg","WALWORTH MEDICAL ASSOCIATES",1,0.5,3,2,4,NA,NA,50613.708,"1275 South Main Street"
"Greensburg","EXCELA HEALTH WESTMORELAND CTR FOR IM",2,0.2,1,1,5,NA,NA,50613.708,"4000 Hempfield Plaza Boulevard"
"Grove City","FAMILY HEALTHCARE PARTNERS UPMC",1,0.25,1,2,8,NA,NA,48744.9551,"420 Hillcrest Avenue"
"Hanover","HANOVER FAMILY PRACTICE ASSOCIATES",1,0.333,2,2,6,NA,NA,57720.6135,"111 Penn Street"
"Harmony","WAHL AND SONS FAMILY PRACTICE PC",1,0.25,1,1,4,NA,NA,65370.9341,"835 Edmond Street"
"Hazleton","LEHIGH VALLEY PHYSICIAN GROUP HAZLETON",1,0.5,3,2,4,NA,NA,38377.5536,"50 Moisey Drive"
"Hermitage","CONTI, JOSEPH J., DO LTD",1,0.667,4,2,3,NA,NA,50365.7944,"480 North Kerrwood Dr"
"Hermitage","HERMITAGE INTERNAL MEDICINE UPMC",2,0.5,3,2,4,NA,NA,50365.7944,"2151 Shenango Valley Freeway"
"Hermitage","HERMITAGE FAMILY PRACTICE",3,0,1,0,3,NA,NA,50365.7944,"2425 Garden Way"
"Hershey","PENN STATE MEDICAL GROUP COCOA",1,0.2,1,1,5,NA,NA,62219.5807,"1120 Cocoa Avenue"
"Hickory","PPCP HICKORY BURGETTSTOWN",1,1,5,3,3,NA,NA,63443.5822,"4151 Henderson Road"
"Hollidaysburg","SWEENEY, GREGORY C MD PC",1,0.333,2,1,3,NA,NA,53835.3654,"1800 North Juniata Street"
"Hollsopple","CONEMAUGH PHYSICIAN GROUP FAMILY MEDICINE DAVIDSVILLE RHC",1,0.333,2,2,6,NA,NA,48724.1157,"207 Woodstown Highway"
"Huntington","HUNTINGTON INTERNAL MEDICINE GROUP",1,0.667,4,2,3,NA,NA,43048.7635,"5170 US Route 60  East"
"Imperial","HVMG WEST ALLEGHENY HEALTH CARE SVCS",1,0.5,3,2,4,NA,NA,64365.5487,"300 Penn Lincoln Drive"
"Indiana","TURNBULL, ROBERTO E, MD",1,1,5,3,3,NA,NA,35819.0123,"1177 South Sixth Street"
"Indiana","IRMC PHYSICIAN GROUP PRIMARY CARE",2,0.571,3,4,7,NA,NA,35819.0123,"879 Hospital Road"
"Irwin","IRWIN FAMILY CARE PC",2,0.286,2,2,7,NA,NA,63181.3156,"905 Spruce Street"
"Irwin","IRWIN PRIMARY CARE ASSOCIATES",1,1,5,3,3,NA,NA,63181.3156,"7546 Route 30"
"Jeannette","EXCELA HEALTH FAMILY MEDICINE JEANNETTE",1,0.5,3,2,4,NA,NA,46722.6849,"601 Michigan Avenue"
"Jefferson Hills","FAMILY PRACTICE MEDICAL ASSOCIATES SOUTH",1,0.467,3,7,15,2,5,49377.46,"1200 Brooks Lane"
"Johnstown","CONEMAUGH PHYS GRP MASSOUD SIRSIKAR",2,0.625,4,5,8,NA,NA,20685.8,"1 Tech Park Drive"
"Johnstown","RICHARD M KASTELIC MD AND ASSOCIATES PC",4,0.429,2,3,7,NA,NA,52105.944,"322 Warren Street"
"Johnstown","WINDBER CARE PHYSICIANS",3,0.5,3,3,6,NA,NA,43655.3817,"1511 Scalp Avenue"
"Johnstown","CHI PRUCHNIC",1,0.714,4,5,7,NA,NA,52105.944,"1086 Franklin Street"
"Kingston","GALASSO III, JAMES W DO",1,0.727,4,8,11,0,1,42131.9256,"610 Wyoming Avenue"
"Lancaster","PENN STATE MEDICAL GROUP GENERAL INTERNAL MEDICINE",1,0.667,4,2,3,NA,NA,48290.2779,"2301 Columbia Avenue"
"Lancaster","PENN STATE MEDICAL GROUP OYSTER POINT",2,0.333,2,1,3,NA,NA,64888.3044,"3045 Marietta Avenue"
"Latrobe","EXCELA HEALTH DIAGNOSTIC ASSOCIATES",2,0.429,2,3,7,NA,NA,46756.8234,"1 Mellon Way"
"Latrobe","EXCELA HEALTH CHESTNUT RIDGE FAMILY MEDICINE",1,0.545,3,6,11,1,3,46756.8234,"555 Route 217"
"Latrobe","EXCELA HEALTH WELDON FAMILY MEDICINE",3,0.333,2,2,6,NA,NA,46756.8234,"501 Weldon Street"
"Lebanon","YOCUM ASSOCIATES PC",1,0.4,2,2,5,NA,NA,53430.4618,"940 Cumberland Street"
"Leechburg","ALLEGHENY TOWNSHIP MEDICAL ASSOCIATES",1,0.818,5,9,11,0,0,50571.4598,"62 Greenbriar Drive"
"Lemoyne","INTERNISTS OF CENTRAL PA",1,0.25,1,2,8,NA,NA,48911.6952,"108 Lowther Street"
"Ligonier","AHN WESTMORELAND PRIMARY CARE",1,0.8,5,8,10,0,0,48741.0729,"621 West Main Street"
"Lititz","LGHP PENN MEDICINE FAMILY MEDICINE LITITZ",1,0.333,2,1,3,NA,NA,67002.934,"562 West Second Avenue"
"Loysburg","SOUTHERN COVE MEDICAL ASSOCIATES",1,0.5,3,5,10,1,3,45968,"2230 Woodbury Pike"
"Mc Connellsburg","FULTON FAMILY PRACTICE",1,0.333,2,1,3,NA,NA,42215.8962,"214 Peach Orchard Road"
"Mc Kees Rocks","PINE HOLLOW MEDICAL ASSOCIATES",1,0.786,5,11,14,0,0,45549.9734,"133 Church Hill Road"
"Mckees Rocks","WEST HILLS MEDICAL",1,1,5,3,3,NA,NA,45549.9734,"27 Heckel Road"
"McKeesport","WALIGURA, R CURTIS DO",1,1,5,4,4,NA,NA,26971.189,"2709 ONeil Boulevard"
"McMurray","PPCP MCMURRAY BROOKLINE",3,0.667,4,2,3,NA,NA,71994.4075,"3928 Washington Road"
"McMurray","PRIMARY CARE GROUP 11, JRMC MCMURRAY",5,0.5,3,2,4,NA,NA,71994.4075,"455 Valley Brook Road"
"McMurray","PRIMARY CARE SOUTH",1,1,5,3,3,NA,NA,71994.4075,"1000 Waterdam Plaza"
"McMurray","PRIMARY CARE PROFESSIONALS",4,0.615,4,8,13,0,3,71994.4075,"160 Gallery Drive"
"McMurray","WATERDAM FAMILY PRACTICE",2,0.75,4,3,4,NA,NA,71994.4075,"5000 Waterdam Plaza Drive"
"Mechanicsburg","PINNACLEHEALTH FAMILY CARE FISHER ROAD",1,0.4,2,2,5,NA,NA,60500.6369,"2140 Fisher Road"
"Meyersdale","FAMILY HEALTHCARE MEYERSDALE RHC",1,0.75,4,3,4,NA,NA,37488.7851,"7160 Mason Dixon Highway"
"Middleburg","FAMILY PRACTICE CENTER PC",1,0.692,4,9,13,0,2,42804.1386,"1 Dock Hill Road"
"Monaca","HVMG GREGG ZERNICH",1,0.333,2,2,6,NA,NA,49359.3409,"3950 Brodhead Road"
"Monongahela","KILPATRICK, WILLIAM F MD",1,1,5,3,3,NA,NA,44397.4267,"100 Stoops Drive"
"Monroeville","PREMIER MEDICAL ASSOCIATES INTERNAL MEDICINE",2,0.765,4,13,17,0,1,58278.8856,"3824 Northern Pike"
"Monroeville","PREMIER MEDICAL  ASSOCIATES FAMILY  PRACTICE",1,0.844,5,27,32,0,0,58278.8856,"1620 Golden Mile Highway"
"Morgantown","MONHEALTH WEDGEWOOD PRIMARY CARE",1,0.5,3,2,4,NA,NA,26051.2227,"2000 Mon Health Medical Park Drive"
"Mount Pleasant","EXCELA HEALTH MAIN STREET MEDICAL",1,1,5,3,3,NA,NA,43241.5987,"525 West Main Street"
"Mount Pleasant","MILAD SHAKER",2,0.25,1,1,4,NA,NA,43241.5987,"308 Bessemer Road"
"Mt Lebanon","MEDI HELP",1,0.5,3,3,6,NA,NA,78749.4512,"1691 Washington Road"
"Nanty Glo","CHI EBANDJIEFF PARKHILL",1,1,5,3,3,NA,NA,39475.7856,"1060 Lloyd Street"
"Natrona Heights","RUSSELLTON MEDICAL GROUP UPMC",4,0.333,2,1,3,NA,NA,40427.0853,"1604 Burtner Road"
"Natrona Heights","VALLEY FAMILY MEDC UPMC",3,0.571,3,4,7,NA,NA,40427.0853,"1604 Burtner Road"
"Natrona Heights","ALLE KISKI MEDICAL ASSOCIATES",2,0.625,4,10,16,0,3,40427.0853,"1621 C Union Avenue"
"Natrona Heights","ALLEGHENY VALLEY INTERNAL MEDICINE",1,0.8,5,4,5,NA,NA,40427.0853,"1719 Union Avenue"
"New Brighton","FUNKHOUSER, JAY L MD",1,0.667,4,2,3,NA,NA,41859.5759,"721 Fifth Avenue"
"New Castle","PRIMARY CARE OF WESTERN  PA UPMC",1,0.333,2,1,3,NA,NA,49205.078,"149 Enclave Drive"
"New Castle","LAWRENCE COUNTY FAMILY MEDICINE",2,0.143,1,1,7,NA,NA,49205.078,"2520 Wilmington Road"
"New Cumberland","FAMILY PHYSICIAN ASSOCIATES INC",1,0.5,3,2,4,NA,NA,64083.5832,"1900 Bridge Street"
"New Kensington","UNITED PHYSICIANS",1,0.4,2,2,5,NA,NA,45022.7992,"305 Seventh Street"
"New Paris","HENRY W SHOENTHAL MD INC",1,0.333,2,1,3,NA,NA,43184.4213,"4186 Cortland Drive"
"New Wilmington","BHS FAMILY MEDICAL CARE",1,0.75,4,3,4,NA,NA,49092.4661,"150 North New Castle Street"
"North Huntingdon","EXCELA HEALTH PRIMARY CARE",1,0.167,1,1,6,NA,NA,63181.3156,"8775 Norwin Avenue"
"Norvelt","LAH NORVELT FAMILY HEALTH",1,1,5,3,3,NA,NA,62157,"3888 Route 981"
"Noxen","RURAL HEALTH CORP MED DIV",1,0,1,0,3,NA,NA,47884.1078,"2888 State Route 29 South"
"Oakmont","SMA JEROME SCHERER DO",1,0.333,2,1,3,NA,NA,56326.6595,"135 Allegheny Avenue"
"Orefield","LVPG FAMILY MEDICINE OREFIELD",1,0.25,1,1,4,NA,NA,83870.1677,"5074 Kernsville Road"
"Palmyra","LEBANON VALLEY FAMILY MEDICINE",1,0.75,4,3,4,NA,NA,60668.6685,"1400 South Forge Road"
"Pine Grove","INTEGRATED MEDICAL GROUP PC",1,0.667,4,2,3,NA,NA,50994.923,"8 Oak Grove Road"
"Pittsburgh","HOOVER MEDICAL ASSOCIATES PC",9,0.667,4,2,3,NA,NA,22397.3403,"1400 Locust Street"
"Pittsburgh","UPMC SENIOR CARE AT SHADY SIDE",9,0.667,4,2,3,NA,NA,32228.0668,"200 Lothrop Street"
"Pittsburgh","ASSOCIATES IN DIAGNOSTIC INTERNAL MEDICINE",9,0.667,4,2,3,NA,NA,32228.0668,"300 Halket Street"
"Pittsburgh","BAHL AND BAHL MED ASSOC",32,0.167,1,1,6,NA,NA,48687.4696,"10922 Frankstown Road"
"Pittsburgh","DRS JOHN CHANTZ AND ASSOCIATES UPMC",19,0.5,3,2,4,NA,NA,73584.7475,"100 Delafield Road"
"Pittsburgh","CAMPBELL AND PHILBIN MEDICAL ASSOC",9,0.667,4,4,6,NA,NA,22397.3403,"1400 Locust Street"
"Pittsburgh","AGH INTERNAL MEDICINE",26,0.333,2,1,3,NA,NA,35830.6454,"1307 Federal Street"
"Pittsburgh","PRABHU PRIMARY CARE PC",2,0.875,5,7,8,NA,NA,78579.877,"1050 Bower Hill Road"
"Pittsburgh","GROB SCHERI WOODBURN AND GRIFIN FAMILY MEDICINE",9,0.667,4,8,12,0,2,70890.1741,"1140 Perry Highway"
"Pittsburgh","GMA HEYL FAMILY PRACTICE",19,0.5,3,4,8,NA,NA,55733.5687,"1020 Center Avenue"
"Pittsburgh","GREATER PITTSBURGH MED ASSOC UPMC",23,0.4,2,2,5,NA,NA,42694.2705,"900 Mount Royal Boulevard"
"Pittsburgh","PPCP AUSTIN PURIGHALLA",5,0.8,5,4,5,NA,NA,78579.877,"1050 Bower Hill Road"
"Pittsburgh","PPCP FLEET STREET",9,0.667,4,2,3,NA,NA,51163.5572,"300 Fleet Street"
"Pittsburgh","PPCP JEFFERSON BETHEL",9,0.667,4,2,3,NA,NA,55607.3086,"140 Curry Hollow Road"
"Pittsburgh","DALJIT SINGH MD ASSOCIATES",33,0,1,0,4,NA,NA,42694.2705,"900 Mt Royal Boulvard"
"Pittsburgh","ADAMS, ROCCO J MD",33,0,1,0,3,NA,NA,48093.906,"3000 Brownsville Rd"
"Pittsburgh","PATEL MEDICAL ASSOC",33,0,1,0,5,NA,NA,31996.8378,"2409 Brownsville Road"
"Pittsburgh","HVMG FAMILY PRACTICE ROBINSON",33,0,1,0,3,NA,NA,47440.9517,"2201 Park Manor Boulevard"
"Pittsburgh","BRENTWOOD MEDICAL GROUP INC",18,0.556,3,5,9,NA,NA,48093.906,"3720 Brownsville Road"
"Pittsburgh","INTERNAL MEDICINE UPMC",26,0.333,2,2,6,NA,NA,32228.0668,"120 Lytton Avenue"
"Pittsburgh","PITTLE, HOWARD S MD PC",23,0.4,2,2,5,NA,NA,55607.3086,"5247 Brownsville Road"
"Pittsburgh","STEEL CITY INTERNAL MEDICINE UPMC",31,0.182,1,2,11,5,7,70890.1741,"5700 Corporate Drive"
"Pittsburgh","PITTSBURGH INTERNAL MED ASSOC UPMC",23,0.4,2,2,5,NA,NA,47118.8084,"3089 Sussex Avenue"
"Pittsburgh","STULL JARVIS AND SPINOLA INTERNAL MEDICINE ASSOCIATES UPMC",33,0,1,0,4,NA,NA,45928.1315,"5215 Centre Avenue"
"Pittsburgh","RFP MILLVALE UPMC",26,0.333,2,1,3,NA,NA,54615.556,"111 Sheridan Street"
"Pittsburgh","RENAISSANCE FAMILY PRACTICE UPMC",8,0.714,4,5,7,NA,NA,42694.2705,"619 Mount Royal Boulevard"
"Pittsburgh","FATIGATI AND NALIN ASSOCIATES",17,0.615,4,16,26,0,5,78749.4512,"733 Washington Road"
"Pittsburgh","LINDER, PAUL G MD",19,0.5,3,2,4,NA,NA,55607.3086,"1201 Broughton Road"
"Pittsburgh","WEST PENN MEDICAL ASSOCIATES",4,0.818,5,9,11,0,0,30284.2042,"4727 Friendship Avenue"
"Pittsburgh","PCG 10 MCCORMICK MEDICAL ASSOCIATES",19,0.5,3,2,4,NA,NA,48093.906,"3720 Brownsville Road"
"Pittsburgh","DOBKIN AND RICCELLI ASSOCIATES",7,0.75,4,3,4,NA,NA,56446.6651,"250 Mount Lebanon Boulevard"
"Pittsburgh","COMPREHENSIVE CARE ASSOCIATES UPMC",29,0.2,1,1,5,NA,NA,30284.2042,"5140 Liberty Avenue"
"Pittsburgh","DEGIOVANNI MONTINI ASSOCIATES",3,0.833,5,5,6,NA,NA,78749.4512,"717 Washington Road"
"Pittsburgh","COMMUNITY FAMILY PRACTICE UPMC",29,0.2,1,1,5,NA,NA,37425.1418,"1713 Ardmore Boulevard"
"Pittsburgh","PRIMARY CARE NORTHSIDE",16,0.625,4,5,8,NA,NA,35830.6454,"490 East North Avenue"
"Pittsburgh","BONACORSI BROWN AND JOHNSON PRIMARY CARE",5,0.8,5,4,5,NA,NA,48409.2639,"3005 Banksville Road"
"Pittsburgh","NORTH HILLS INTERNAL MEDICINE",1,1,5,4,4,NA,NA,70890.1741,"9335 McKnight Road"
"Pottsville","INTEGRATED MEDICAL GROUP INT MED",1,0.667,4,2,3,NA,NA,39292.0361,"48 Tunnel Road"
"Pottsville","LEHIGH VALLEY PHYSICIANS GROUP INC",2,0,1,0,4,NA,NA,39292.0361,"205 East Laurel Boulevard"
"Reading","ST JOSEPH MEDICAL GROUP",1,0.25,1,1,4,NA,NA,56478.8113,"2494 Bernville Road"
"Roaring Spring","COVE FAMILY PRACTICE INC",1,0.667,4,2,3,NA,NA,43873.4756,"111 Nason Drive"
"Sarver","ADULT MEDICINE ASSOCIATES",2,0.25,1,1,4,NA,NA,64868.1125,"112 Capital  Park Drive"
"Sarver","ALLEGHENY HEALTH NETWORK ALLEGHENY VALLEY NORTH",1,0.667,4,2,3,NA,NA,64868.1125,"706 Ekastown Road"
"Sayre","GUTHRIE MEDICAL GROUP PC/INTERNAL MEDICINE",1,0.333,2,1,3,NA,NA,38240.1411,"1 Guthrie Square"
"Scranton","MEDICAL ASSOCIATES NEPA PC",2,0,1,0,3,NA,NA,37509.1279,"1789 North Keyser Avenue"
"Scranton","PHYSICIANS HEALTH ALLIANCE",1,0.571,3,4,7,NA,NA,32969.9405,"748 Quincy Avenue"
"Sewickley","HVMG SEWICKLEY PRIMARY CARE",1,0.778,4,7,9,NA,NA,84266.9806,"720 Blackburn Road"
"Sewickley","HERITAGE VALLEY ASSOCIATES IN FAMILY MEDICINE",3,0.143,1,1,7,NA,NA,84266.9806,"100 Hazel Lane 2nd Floor"
"Sewickley","CHRIS T ODONNELL MD PC",2,0.333,2,2,6,NA,NA,84266.9806,"1099 Ohio River Boulevard"
"Sharon","PRIMARY HEALTH NETWORK",1,0.714,4,5,7,NA,NA,31544.2323,"63 Pitt Street"
"Slippery Rock","SLIPPERY ROCK FAMILY MEDICINE DIVISION",1,0.4,2,2,5,NA,NA,35362.6559,"100 Innovation Drive"
"Smithfield","MONTGOMERY MEDICAL INC",1,0.75,4,3,4,NA,NA,34531.8526,"100 Ridge View Drive"
"Somerset","SOMERSET FAMILY PRACTICE SHS",1,0.667,4,2,3,NA,NA,36908.1531,"329 South Pleasant Ave"
"Star Junction","KRAFTY, MARY BETH, MD",1,0,1,0,3,NA,NA,33214,"111 Tony Row Road"
"State College","PENN STATE HERSHEY MEDICAL GROUP PARK AVENUE",2,0.429,2,3,7,NA,NA,53659.7153,"1850 East Park Avenue"
"State College","MOUNT NITTANY PHYSICIAN GROUP",1,0.762,4,16,21,0,1,53659.7153,"1850 East Park Avenue"
"State College","GMG SCENERY PARK FAMILY PRACTICE",2,0.429,2,3,7,NA,NA,38739.4107,"200 Scenery Park Drive"
"Trafford","PARTNERS IN HEALTH UPMC",1,0.375,2,3,8,NA,NA,64297.2951,"101 Orchard Drive"
"Tresckow","HAZLETON GENERAL AND OSTEOPATHIC MEDICINE PC",1,0.2,1,1,5,NA,NA,45495,"52 East Market Street"
"Tyrone","TYRONE HOSPITAL RURAL HEALTH CLINIC",1,0.667,4,2,3,NA,NA,43881.731,"221 Hospital Drive"
"Uniontown","PPCP JACOB MURPHY LANE",1,0,1,0,3,NA,NA,35957.4781,"202 Jacob Murphy Lane"
"Washington","INTERNAL MEDICINE AND GERIATRICS OF WASHINGTON",3,0.222,1,2,9,NA,NA,47711.2046,"880 South Main Street"
"Washington","WHS FAMILY MEDICINE NORTH MAIN",1,1,5,3,3,NA,NA,47711.2046,"190 North Main Street"
"Washington","WASHINGTON HEALTH SYSTEM FAMILY MEDICINE NEIGHBOR HEALTH",2,0.625,4,5,8,NA,NA,47711.2046,"95 Leonard Avenue"
"Washington","PPCP TYLERDALE",4,0,1,0,3,NA,NA,47711.2046,"151 North Franklin Street"
"Waynesboro","WAYNESBORO FAMILY MEDICAL ASSOCIATES",1,0.667,4,2,3,NA,NA,50075.7444,"1051 East Main Street"
"Weirton","WMC PHYSICIAN PRACTICES LLC",1,0.111,1,1,9,NA,NA,39295.1875,"601 Colliers Way"
"West Mifflin","CENTURY III MEDICAL ASSOCIATES",1,0.667,4,4,6,NA,NA,46051.9214,"2027 Lebanon Church Road"
"Wexford","THOMAS F CARMEN MD AND ASSOCIATES PC",1,0.4,2,2,5,NA,NA,110788.3763,"1500 Village  Run Road"
"Wheeling","WHEELING HOSPITAL INC",1,0.5,3,2,4,NA,NA,41655.1635,"1 Medical Park"
"White Oak","POMIECKO, JAN MD",1,1,5,4,4,NA,NA,46296.0262,"1668 Lincoln Way"
"Williamsport","FAMILY PRACTICE CENTER PC",1,0.333,2,1,3,NA,NA,31841.204,"1205 River Avenue"
"Windber","GRAY MEDICAL ASSOCIATES INC",1,0.333,2,1,3,NA,NA,34960.9136,"1599  Somerset Avenue"
"Wyomissing","FAMILY MEDICINE TOWER HEALTH MEDICAL GROUP",1,0.429,2,6,14,3,5,64612.9437,"950B North Wyomissing Boulevard"
"Wyomissing","INTERNAL MEDICINE TOWER HEALTH MEDICAL GROUP",2,0.4,2,2,5,NA,NA,64612.9437,"950B North Wyomissing Blvd"
"York","WELLSPAN FAMILY MEDICINE STONY BROOK",1,0.4,2,2,5,NA,NA,58897.3325,"4222 Lincoln Highway"
"York","WELLSPAN INTERNAL MEDICINE FREEDOM WAY",2,0.333,2,1,3,NA,NA,62201.9535,"2350 Freedom Way"
